avion,motor,cabina,fuselaje,alas,cola
A0001,0,0,1,0,0
A0002,0,0,1,0,1
A0003,0,0,1,2,0
A0004,0,0,1,1,1
A0005,1,1,0,1,1
A0006,0,0,2,0,0
A0007,0,1,0,0,1
A0008,0,0,0,0,1
A0009,1,0,1,1,0
A0010,0,0,0,2,1
A0011,0,0,1,3,0
A0012,1,0,0,1,1
A0013,0,0,1,1,0
A0014,1,0,0,2,0
A0017,0,0,0,1,0
A0019,1,0,0,0,0
A0021,0,0,0,0,0
A0022,0,0,1,1,1
A0023,0,0,0,0,0
A0024,0,0,0,1,0
A0025,0,1,0,0,0
A0026,0,0,0,0,0
A0027,0,0,0,2,0
A0029,0,0,2,2,0
A0030,0,0,0,2,0
A0033,0,0,1,0,0
A0034,0,0,1,2,0
A0035,1,0,0,0,0
A0036,0,0,0,0,0
A0038,0,0,0,1,1
A0039,0,0,0,4,2
A0040,0,0,0,1,0
A0041,0,0,1,0,0
A0042,0,0,0,1,0
A0044,0,0,1,1,0
A0045,0,1,0,0,0
A0046,0,0,1,0,1
A0047,0,0,0,1,1
A0048,1,0,0,1,0
A0051,0,1,1,1,1
A0052,0,0,0,0,1
A0053,1,0,0,1,0
A0054,0,1,0,0,0
A0055,0,0,0,3,1
A0056,0,0,0,0,0
A0057,0,0,0,2,0
A0058,1,0,0,1,3
A0059,1,1,1,2,1
A0060,0,0,1,0,1
A0063,0,0,0,2,3
A0064,0,0,0,3,0
A0065,0,0,1,1,1
A0066,0,0,0,1,0
A0067,0,0,1,0,0
A0068,0,0,0,4,1
A0071,1,0,0,0,0
A0072,0,0,0,0,1
A0073,0,0,0,0,0
A0074,0,0,0,1,0
A0075,0,0,0,1,3
A0077,0,0,0,0,0
A0078,0,0,0,0,1
A0079,0,0,0,2,0
A0080,0,0,0,2,1
A0083,0,0,0,2,1
A0088,0,0,1,0,0
A0091,0,0,0,0,1
A0092,0,0,0,0,1
A0094,0,0,0,0,1
A0095,0,1,0,1,1
A0096,1,0,0,1,1
A0097,0,0,0,1,1
A0098,0,0,0,0,0
A0101,1,0,1,1,1
A0103,1,0,1,1,0
A0104,1,0,0,0,0
A0108,0,0,0,1,0
A0109,0,0,0,1,1
A0110,0,0,1,1,0
A0111,0,0,0,2,0
A0112,0,0,0,0,0
A0113,0,0,1,1,0
A0114,0,0,1,0,1
A0115,1,0,0,1,1
A0116,1,0,2,0,0
A0117,0,0,1,1,1
A0118,0,0,0,2,1
A0119,0,0,0,3,1
A0120,0,0,0,2,0
A0122,0,1,0,0,0
A0123,0,0,0,0,0
A0124,1,0,2,1,1
A0125,0,0,0,0,0
A0126,0,0,1,1,0
A0127,1,0,0,2,0
A0128,0,0,0,2,0
A0130,0,0,2,0,0
A0131,0,0,1,0,0
A0136,1,0,0,0,0
A0137,0,0,0,2,0
A0138,0,0,2,0,0
A0139,0,0,0,1,0
A0140,1,0,1,1,1
A0141,0,0,0,0,0
A0142,1,0,0,1,0
A0144,1,0,0,0,2
A0146,1,0,0,1,1
A0150,0,0,0,0,1
A0151,0,0,0,2,0
A0152,0,0,0,0,0
A0153,0,0,0,0,0
A0154,0,0,1,1,1
A0156,0,0,0,1,1
A0157,0,0,1,1,0
A0158,0,0,0,0,0
A0160,0,0,0,1,0
A0162,0,0,1,0,1
A0163,1,0,0,0,0
A0164,0,0,1,2,1
A0165,0,0,2,0,3
A0166,0,1,1,1,0
A0167,0,0,0,0,0
A0168,0,0,0,1,0
A0169,0,0,1,1,0
A0170,0,2,1,1,0
A0172,0,0,0,1,0
A0173,0,0,0,1,1
A0175,0,0,1,4,0
A0176,0,0,0,1,1
A0177,1,0,0,1,0
A0178,0,0,0,2,0
A0179,0,0,2,0,0
A0180,0,0,0,0,0
A0183,0,0,0,2,0
A0184,0,0,0,2,0
A0185,0,0,0,0,0
A0186,0,0,0,2,0
A0187,1,0,0,0,0
A0188,1,0,0,2,1
A0190,0,0,0,0,3
A0191,0,0,0,1,0
A0194,0,0,0,2,0
A0195,0,0,0,3,0
A0196,1,0,0,1,1
A0197,0,0,0,1,0
A0198,0,0,1,2,0
A0201,0,0,0,0,1
A0202,0,0,0,0,0
A0203,0,0,0,3,0
A0204,0,0,1,1,1
A0205,0,0,0,0,0
A0207,0,0,0,3,0
A0208,0,0,0,5,2
A0209,0,0,0,2,0
A0210,0,0,0,1,0
A0212,0,0,0,1,0
A0213,1,0,0,1,1
A0216,0,0,0,3,1
A0217,0,0,1,1,1
A0219,0,0,0,0,0
A0220,0,0,1,1,1
A0221,0,0,0,1,0
A0222,1,0,1,2,1
A0223,1,0,0,1,0
A0224,0,0,0,0,1
A0226,1,0,1,1,1
A0227,0,0,0,1,2
A0228,0,0,1,0,1
A0230,0,0,0,0,1
A0231,0,0,1,0,1
A0233,0,0,2,0,0
A0235,1,0,1,3,0
A0237,0,0,0,1,1
A0239,0,1,0,1,1
A0240,0,0,0,2,1
A0241,0,1,0,0,0
A0242,0,0,0,0,1
A0243,0,0,0,1,0
A0244,0,0,0,0,1
A0245,0,0,0,0,0
A0246,0,0,1,1,0
A0247,0,0,2,2,1
A0250,1,0,0,0,2
A0251,1,0,0,0,0
A0253,0,0,3,1,0
A0254,0,0,0,1,0
A0255,0,0,1,0,0
A0256,0,0,0,1,0
A0258,0,0,1,2,0
A0259,1,0,0,1,0
A0260,0,0,1,1,0
A0261,1,0,0,0,0
A0262,0,0,0,1,1
A0265,0,0,0,1,1
A0266,0,0,0,1,0
A0269,1,0,0,0,0
A0271,0,0,1,0,1
A0272,0,0,0,0,0
A0273,0,0,1,2,0
A0274,1,0,0,1,0
A0275,1,0,2,1,0
A0276,0,0,0,1,0
A0277,0,0,1,0,0
A0278,0,0,0,2,0
A0279,0,0,1,2,0
A0280,0,0,0,1,0
A0281,0,0,0,1,0
A0283,0,0,2,2,0
A0284,0,0,1,1,0
A0285,0,0,0,2,0
A0286,0,0,0,2,0
A0287,0,0,0,1,0
A0288,0,0,0,0,0
A0289,0,0,1,0,0
A0290,0,0,0,0,0
A0291,1,1,0,1,0
A0292,0,0,0,1,0
A0293,1,0,0,0,0
A0294,0,0,0,0,1
A0296,0,0,0,1,0
A0297,0,0,0,1,0
A0298,0,0,0,1,1
A0299,0,0,1,1,0
A0301,0,0,1,2,0
A0302,0,0,0,1,0
A0305,0,0,1,1,1
A0306,1,0,0,1,0
A0307,0,0,0,4,0
A0308,0,0,0,3,1
A0310,0,0,1,0,0
A0311,0,0,0,1,0
A0313,0,0,0,1,0
A0314,0,0,2,2,2
A0315,1,0,0,1,0
A0317,0,0,1,3,0
A0318,0,0,0,2,0
A0319,0,0,0,3,1
A0320,1,1,0,1,0
A0322,0,0,0,2,1
A0323,0,1,0,2,1
A0324,0,0,0,0,1
A0325,0,0,1,1,0
A0326,0,0,1,1,0
A0328,0,1,0,2,0
A0329,0,0,0,1,0
A0331,1,0,0,4,0
A0332,1,0,1,1,0
A0334,0,0,0,0,0
A0336,0,0,1,1,0
A0338,0,0,1,0,1
A0340,0,0,0,0,0
A0342,0,0,0,0,0
A0343,0,0,0,1,0
A0344,0,0,0,2,0
A0345,0,1,0,0,1
A0346,0,0,0,0,1
A0347,0,0,1,0,0
A0348,0,0,1,3,0
A0350,0,0,0,1,0
A0351,0,0,1,0,0
A0352,0,0,0,0,1
A0353,0,0,1,3,0
A0354,0,0,0,1,1
A0356,1,0,0,0,1
A0357,0,0,0,1,1
A0359,0,0,0,0,1
A0360,0,0,0,1,0
A0361,1,0,1,2,0
A0362,0,0,1,0,0
A0363,0,0,0,1,0
A0365,1,0,0,3,0
A0367,0,0,2,1,0
A0368,1,0,0,1,0
A0370,0,0,1,0,1
A0371,0,0,0,1,0
A0372,0,1,1,1,2
A0374,0,0,0,1,1
A0375,1,0,1,3,1
A0376,1,0,0,0,0
A0377,0,1,1,2,1
A0379,0,0,0,1,1
A0380,0,0,0,1,0
A0381,0,0,1,1,0
A0382,0,0,0,1,0
A0384,0,0,1,0,2
A0386,0,0,0,0,3
A0387,0,0,0,0,2
A0388,0,0,1,2,0
A0389,0,0,0,2,1
A0390,1,0,0,1,2
A0392,0,0,1,0,0
A0393,0,0,2,0,1
A0394,0,0,0,2,1
A0395,0,0,0,0,0
A0396,0,0,0,2,1
A0397,0,0,0,3,0
A0399,0,0,0,3,0
A0400,0,0,1,2,2
A0401,0,0,0,0,1
A0402,0,1,0,1,0
A0404,1,0,0,1,1
A0405,0,0,0,0,0
A0406,0,1,0,0,0
A0407,0,0,0,2,0
A0409,0,0,0,0,0
A0411,0,1,0,2,0
A0413,0,0,0,1,0
A0414,0,0,0,1,0
A0416,0,0,0,1,0
A0417,0,0,2,3,0
A0418,0,1,1,0,0
A0419,0,0,0,1,0
A0420,0,0,1,1,1
A0424,0,0,0,0,1
A0425,0,0,1,0,0
A0426,0,0,0,0,0
A0427,0,0,0,2,1
A0428,0,0,0,1,0
A0429,0,0,1,0,0
A0431,0,0,0,1,0
A0433,0,0,0,0,0
A0434,1,0,0,1,0
A0435,0,0,1,0,0
A0437,0,0,0,1,0
A0438,1,0,0,0,1
A0439,1,0,0,1,0
A0440,0,0,0,0,0
A0441,0,0,1,1,1
A0442,0,0,0,1,1
A0443,0,0,0,1,0
A0444,0,1,0,0,0
A0445,1,0,0,0,0
A0446,0,0,0,0,1
A0447,0,1,0,0,0
A0448,0,0,1,2,0
A0449,0,0,3,2,1
A0450,0,0,0,0,3
A0451,0,1,1,0,0
A0452,0,0,0,1,1
A0453,0,0,1,0,2
A0454,0,0,1,0,0
A0456,1,0,0,0,1
A0457,0,0,1,0,0
A0458,0,0,0,1,0
A0459,0,0,1,1,0
A0461,0,0,0,1,1
A0462,1,0,0,1,0
A0463,0,0,0,0,0
A0464,1,0,0,1,1
A0465,0,0,0,0,1
A0466,0,0,0,1,1
A0467,0,0,1,1,1
A0469,0,1,0,1,1
A0470,2,0,0,0,0
A0471,0,0,0,2,0
A0472,0,0,0,2,0
A0473,0,0,0,2,0
A0475,0,0,0,2,0
A0476,1,0,0,0,0
A0477,0,1,1,2,0
A0478,0,0,1,0,0
A0479,0,0,0,0,1
A0482,0,0,1,2,0
A0484,0,0,0,0,0
A0485,0,0,1,1,2
A0486,0,0,0,2,0
A0487,1,0,1,0,0
A0489,0,0,0,0,0
A0490,0,0,0,1,1
A0491,0,0,1,2,2
A0494,0,2,1,1,1
A0495,0,0,0,2,2
A0496,0,0,0,1,1
A0497,0,0,1,1,0
A0499,0,0,0,2,0
A0500,0,0,0,2,0
A0501,0,0,1,0,0
A0502,0,0,2,0,0
A0503,0,0,0,3,1
A0504,0,0,1,0,1
A0505,0,0,0,2,2
A0507,0,0,1,1,0
A0509,1,0,0,0,0
A0510,0,0,2,0,0
A0511,0,0,0,0,0
A0513,0,0,1,0,1
A0514,0,0,0,0,0
A0515,0,0,2,3,0
A0516,1,0,0,2,1
A0517,1,0,0,0,0
A0518,0,0,0,1,1
A0520,0,0,1,0,1
A0523,0,0,0,0,0
A0524,1,0,0,1,0
A0525,0,0,0,0,0
A0527,0,0,0,1,0
A0531,0,1,0,0,1
A0533,0,0,0,0,0
A0535,0,1,0,0,1
A0538,0,0,0,2,3
A0540,0,0,0,0,0
A0541,0,0,2,2,1
A0543,0,0,2,2,1
A0545,0,0,0,0,2
A0546,1,0,0,1,0
A0548,0,0,1,0,0
A0549,0,0,0,0,0
A0552,0,0,0,0,0
A0554,0,0,0,3,0
A0557,0,0,0,1,1
A0559,0,0,0,0,0
A0560,2,0,0,1,0
A0561,1,0,0,2,0
A0562,1,0,0,0,0
A0564,0,0,0,2,0
A0566,0,0,0,1,1
A0567,0,0,0,0,0
A0568,1,0,0,1,0
A0569,0,1,1,1,0
A0571,0,0,1,2,0
A0572,2,0,0,2,0
A0573,0,0,0,0,0
A0574,0,0,1,0,1
A0575,0,0,0,0,0
A0577,0,0,2,2,0
A0580,1,0,1,2,0
A0581,0,0,0,0,0
A0582,0,1,0,1,1
A0583,0,0,0,1,0
A0586,0,0,0,0,1
A0587,0,0,0,0,0
A0589,0,0,0,2,0
A0590,0,0,1,0,0
A0591,0,0,0,0,0
A0592,1,0,0,1,0
A0593,1,0,0,0,0
A0594,0,0,1,1,0
A0595,0,0,0,1,2
A0596,0,0,0,0,0
A0597,0,0,0,0,0
A0599,1,0,0,1,2
A0600,1,0,1,0,1
A0601,0,0,1,1,1
A0603,0,0,1,1,1
A0605,0,0,0,1,0
A0606,0,0,0,2,0
A0607,0,1,1,2,2
A0608,1,1,1,0,0
A0609,0,0,1,1,0
A0610,0,0,1,1,0
A0611,0,0,0,1,0
A0612,0,0,1,0,2
A0613,0,1,1,1,1
A0614,0,0,1,0,0
A0615,0,0,1,0,0
A0616,1,0,1,2,0
A0617,0,0,1,2,0
A0618,0,0,0,1,0
A0619,0,0,2,0,0
A0620,0,0,0,1,0
A0621,0,0,0,0,0
A0622,0,0,1,2,1
A0623,0,0,0,1,0
A0624,0,0,0,1,1
A0625,1,0,0,1,2
A0626,0,0,2,0,1
A0627,0,0,0,1,0
A0628,0,0,0,0,0
A0629,0,0,3,1,0
A0630,0,0,0,0,0
A0631,0,0,1,0,1
A0632,0,0,1,0,0
A0633,0,0,1,0,0
A0634,1,1,0,0,0
A0635,0,0,0,1,2
A0637,0,0,0,0,1
A0638,0,0,0,1,1
A0639,1,0,0,0,0
A0641,0,0,0,0,0
A0642,0,0,1,0,0
A0643,0,0,2,0,0
A0644,0,1,0,0,1
A0645,0,0,0,1,0
A0646,1,0,0,2,0
A0647,0,0,1,2,1
A0650,0,0,0,1,0
A0651,0,0,0,1,0
A0653,0,0,0,2,0
A0654,0,0,1,1,1
A0655,1,0,0,1,0
A0657,0,0,0,1,1
A0659,0,0,0,3,0
A0660,0,0,0,0,0
A0661,0,0,0,1,1
A0662,0,0,0,1,0
A0663,0,0,0,0,0
A0664,1,0,0,1,0
A0665,0,0,0,1,1
A0666,0,0,0,1,1
A0667,1,0,2,1,1
A0668,0,0,0,0,1
A0669,0,0,0,0,0
A0670,0,0,1,4,0
A0671,1,0,1,2,3
A0673,0,0,0,0,3
A0675,0,0,0,2,2
A0676,0,0,2,1,2
A0677,1,0,0,0,0
A0680,0,0,0,1,2
A0683,0,0,1,1,1
A0684,0,0,0,3,1
A0685,0,0,0,0,1
A0686,0,0,0,0,0
A0687,0,0,0,0,0
A0688,1,0,0,1,0
A0689,0,0,0,2,1
A0692,0,0,0,1,0
A0693,0,0,0,0,0
A0694,0,0,0,0,1
A0695,0,0,0,0,1
A0696,0,0,1,3,0
A0697,0,0,0,2,0
A0698,0,0,0,2,0
A0699,1,0,0,0,1
A0700,0,0,0,1,2
A0701,2,1,1,0,0
A0702,0,0,0,2,0
A0703,0,0,0,2,1
A0704,1,0,0,0,0
A0706,0,0,1,3,0
A0707,0,0,0,1,0
A0708,2,0,0,1,0
A0710,0,0,0,2,0
A0712,1,0,0,1,0
A0713,0,0,0,1,0
A0714,0,0,0,1,0
A0715,1,0,0,0,1
A0716,0,0,0,0,0
A0717,0,0,0,1,1
A0718,1,0,1,1,0
A0719,0,0,1,1,1
A0720,0,0,0,1,0
A0721,0,0,0,0,1
A0722,0,0,0,0,0
A0726,1,0,0,0,0
A0727,0,0,0,1,3
A0728,0,0,0,1,0
A0730,0,0,0,2,2
A0731,1,0,1,5,0
A0733,0,0,0,1,0
A0735,0,0,0,0,0
A0736,0,0,0,0,0
A0737,0,0,1,2,0
A0738,0,0,1,4,1
A0739,0,0,0,2,0
A0741,0,0,2,1,0
A0742,0,0,0,0,0
A0743,1,0,0,1,1
A0744,0,0,0,0,0
A0745,0,0,1,1,3
A0746,0,0,1,0,0
A0747,1,0,0,1,0
A0748,0,0,0,0,1
A0749,0,1,0,1,1
A0753,0,0,1,0,0
A0755,0,0,1,1,0
A0756,0,0,0,2,0
A0757,0,0,0,0,2
A0759,0,0,0,0,1
A0760,0,0,0,2,1
A0761,0,0,0,1,1
A0762,0,0,0,1,0
A0765,0,0,0,1,0
A0767,1,1,0,1,0
A0768,1,0,0,0,1
A0769,0,0,1,2,0
A0770,0,0,1,3,1
A0772,0,1,1,1,0
A0776,0,0,0,1,1
A0778,1,0,0,0,1
A0780,0,0,0,0,0
A0781,0,0,0,0,1
A0782,0,0,2,1,0
A0783,0,0,0,1,0
A0785,0,0,1,1,0
A0786,0,0,0,0,0
A0787,0,0,0,1,0
A0789,0,0,0,0,1
A0790,0,0,0,0,1
A0795,0,0,0,0,0
A0800,0,0,0,1,0
A0801,0,0,0,0,0
A0803,0,0,2,0,1
A0804,0,0,0,0,1
A0805,0,0,0,2,0
A0806,0,0,0,1,1
A0808,0,0,1,0,0
A0809,0,0,0,0,0
A0810,0,0,0,1,0
A0811,0,0,0,2,0
A0812,1,0,0,0,3
A0813,0,0,1,2,0
A0814,1,0,1,0,0
A0818,0,0,0,1,0
A0819,1,0,1,1,0
A0822,0,0,1,1,0
A0823,0,0,0,0,0
A0824,0,0,2,2,0
A0825,0,0,0,0,0
A0826,0,0,1,3,0
A0827,1,0,0,1,0
A0828,0,0,0,2,0
A0829,1,0,0,0,0
A0831,1,0,0,0,0
A0832,0,0,0,0,0
A0833,1,0,0,0,0
A0835,0,0,0,1,0
A0836,0,0,1,0,1
A0837,0,0,0,1,0
A0838,0,0,2,0,0
A0839,0,0,1,0,0
A0840,0,0,0,1,0
A0841,0,0,0,1,1
A0842,0,0,0,1,0
A0843,0,0,0,2,0
A0847,0,1,0,1,0
A0848,0,0,0,1,0
A0849,0,0,0,1,1
A0850,1,0,1,2,0
A0851,0,0,0,1,0
A0852,0,1,0,0,0
A0853,0,1,1,0,0
A0854,0,0,0,1,0
A0856,0,1,0,1,2
A0857,0,0,1,3,0
A0860,0,1,1,1,1
A0862,0,0,2,2,0
A0864,0,0,1,1,1
A0865,0,0,0,5,0
A0866,0,0,0,1,0
A0867,0,0,0,1,0
A0868,0,0,0,1,0
A0869,0,0,0,3,0
A0870,0,0,1,2,0
A0872,0,0,0,1,0
A0873,0,0,0,1,2
A0874,0,0,1,1,0
A0875,1,0,1,3,0
A0876,0,0,0,3,0
A0877,0,0,1,0,0
A0878,0,1,0,2,1
A0879,0,0,0,1,0
A0880,0,0,0,2,0
A0882,1,0,0,3,1
A0883,0,0,1,3,0
A0884,0,0,1,2,0
A0885,0,0,0,2,0
A0886,0,0,1,1,0
A0887,0,0,1,0,0
A0890,0,0,0,1,0
A0891,0,0,1,0,1
A0892,0,0,1,1,1
A0893,0,0,0,0,1
A0895,0,0,1,0,0
A0896,0,0,0,1,0
A0897,1,0,0,0,1
A0898,0,0,0,0,1
A0899,0,0,1,0,0
A0900,0,0,0,3,0
A0902,0,1,0,0,0
A0903,0,0,0,2,0
A0904,0,0,0,2,0
A0906,0,0,0,1,2
A0907,0,1,1,0,0
A0910,0,0,0,3,0
A0911,0,0,0,0,1
A0913,0,0,0,0,0
A0918,0,0,0,1,0
A0919,1,0,0,0,1
A0920,1,0,0,0,0
A0921,0,0,1,0,1
A0922,1,0,1,0,0
A0923,0,0,0,0,1
A0927,0,1,1,2,0
A0931,0,0,0,1,1
A0933,0,0,0,1,0
A0936,0,0,0,0,0
A0937,0,1,1,0,0
A0938,1,0,0,1,1
A0939,0,0,0,1,0
A0940,0,0,0,0,1
A0941,0,0,1,3,0
A0942,0,0,0,0,1
A0943,1,0,1,2,2
A0944,0,0,1,2,2
A0945,0,0,1,0,0
A0946,0,0,1,2,2
A0947,0,0,0,1,2
A0948,0,0,0,0,0
A0950,0,0,1,4,0
A0951,0,0,1,2,0
A0953,0,0,0,0,0
A0956,0,0,1,1,0
A0958,0,0,1,1,0
A0959,0,1,1,0,1
A0962,0,0,0,0,0
A0963,0,0,1,1,1
A0964,0,0,0,2,0
A0965,0,0,0,3,0
A0967,0,0,1,0,0
A0970,0,0,0,0,0
A0971,0,0,0,1,0
A0972,0,0,0,0,0
A0973,1,0,0,0,0
A0975,0,0,1,0,0
A0976,0,0,1,3,0
A0977,0,0,0,0,0
A0978,0,0,0,1,1
A0981,1,0,1,2,0
A0982,0,0,0,0,0
A0983,0,0,0,1,0
A0984,1,0,0,2,1
A0986,0,0,0,1,0
A0987,0,0,0,2,0
A0988,0,0,1,2,0
A0989,0,0,0,0,0
A0990,0,0,0,3,1
A0991,0,0,1,1,0
A0992,1,1,0,0,0
A0993,0,0,1,0,0
A0994,0,0,1,0,1
A0995,0,0,0,2,0
A0996,0,0,0,1,0
A0997,0,0,0,2,1
A0998,0,1,0,0,0
A1000,0,0,1,1,0
