avion,motor,cabina,fuselaje,alas,cola,regreso
A0001,0,0,1,0,0,si
A0002,0,0,1,0,1,si
A0003,0,0,1,2,0,si
A0004,0,0,1,2,0,si
A0005,1,1,0,1,1,si
A0006,0,0,2,0,0,si
A0007,0,1,0,0,1,si
A0008,0,0,0,1,0,si
A0009,1,0,1,1,0,si
A0010,0,0,2,1,0,si
A0011,0,0,1,3,0,si
A0012,1,0,0,1,1,si
A0013,0,0,2,0,0,si
A0014,1,0,2,0,0,si
A0015,0,1,2,0,0,no
A0016,1,0,0,0,0,no
A0017,0,0,1,0,0,si
A0018,1,0,0,2,0,no
A0019,1,0,0,0,1,no
A0020,0,0,0,1,0,si
A0021,1,0,1,0,1,si
A0022,0,0,0,0,0,si
A0023,1,0,1,0,0,no
A0024,0,0,0,2,0,si
A0025,0,1,0,0,0,no
A0026,0,0,3,1,0,si
A0027,0,0,1,1,0,si
A0028,0,1,0,0,0,no
A0029,0,1,0,0,1,no
A0030,0,0,1,0,0,si
A0031,0,1,2,0,1,no
A0032,0,0,1,0,0,si
A0033,0,0,1,1,0,si
A0034,0,0,2,3,1,si
A0035,0,0,2,0,1,no
A0036,0,0,2,0,0,si
A0037,0,0,1,0,0,si
A0038,0,1,1,2,0,no
A0039,0,1,1,0,1,si
A0040,0,2,0,0,2,no
A0041,1,2,4,0,0,no
A0042,0,1,1,1,1,si
A0043,0,0,0,1,0,si
A0044,1,0,0,1,0,si
A0045,0,0,1,0,1,si
A0046,0,0,2,1,0,si
A0047,0,0,0,0,0,si
A0048,0,0,0,2,0,si
A0049,0,1,1,1,2,si
A0050,0,3,1,1,1,no
A0051,0,1,0,1,1,si
A0052,1,0,0,0,0,no
A0053,0,0,0,2,0,si
A0054,0,1,2,0,1,no
A0055,0,2,5,3,0,si
A0056,0,0,1,1,0,si
A0057,0,0,4,0,0,si
A0058,0,0,0,2,0,si
A0059,1,0,2,0,0,no
A0060,0,1,3,0,0,no
A0061,0,0,1,1,0,si
A0062,1,0,0,1,0,si
A0063,1,0,1,0,0,si
A0064,0,0,1,1,0,si
A0065,1,0,2,2,0,no
A0066,0,0,3,2,0,si
A0067,0,0,0,1,3,si
A0068,0,0,1,0,0,si
A0069,0,0,1,1,0,si
A0070,1,0,2,1,0,no
A0071,0,0,1,0,0,si
A0072,0,0,0,0,0,si
A0073,0,0,1,0,0,si
A0074,2,0,0,0,0,no
A0075,2,0,1,0,1,no
A0076,0,0,0,0,2,si
A0077,1,0,3,0,0,no
A0078,0,0,0,1,0,si
A0079,0,0,1,0,1,si
A0080,0,0,0,0,1,si
A0081,0,0,3,2,1,no
A0082,0,0,0,0,1,si
A0083,0,1,0,2,0,si
A0084,0,0,1,2,1,si
A0085,0,1,0,0,1,si
A0086,0,0,0,0,0,si
A0087,0,0,1,0,0,si
A0088,1,0,2,3,0,no
A0089,1,0,1,1,1,si
A0090,0,0,1,0,2,no
A0091,1,0,1,1,0,si
A0092,1,0,0,0,0,si
A0093,1,0,3,0,1,no
A0094,0,0,0,0,0,si
A0095,0,0,0,0,0,si
A0096,0,0,2,0,0,si
A0097,0,0,1,1,0,si
A0098,0,0,1,0,0,si
A0099,0,0,1,0,0,si
A0100,0,0,1,2,0,si
A0101,1,0,1,1,0,si
A0102,0,0,0,1,0,si
A0103,0,0,0,0,0,si
A0104,1,0,2,1,0,si
A0105,1,0,0,0,2,si
A0106,0,0,1,1,0,si
A0107,0,0,1,1,0,si
A0108,0,0,1,0,1,si
A0109,0,0,1,2,1,si
A0110,0,0,2,2,0,no
A0111,2,0,1,0,0,no
A0112,0,0,1,0,1,si
A0113,0,0,1,1,0,si
A0114,0,0,0,1,0,si
A0115,0,0,1,0,0,si
A0116,0,0,1,1,0,si
A0117,1,0,1,2,0,si
A0118,0,0,1,0,1,si
A0119,0,0,2,1,0,si
A0120,2,0,0,0,0,no
A0121,2,0,2,0,0,si
A0122,1,1,1,1,0,no
A0123,0,0,3,0,0,si
A0124,0,0,0,0,0,si
A0125,1,0,0,1,0,no
A0126,0,0,0,0,0,si
A0127,1,0,0,0,0,si
A0128,0,0,2,0,1,si
A0129,1,0,0,1,0,si
A0130,0,0,2,0,1,si
A0131,0,0,2,0,0,si
A0132,0,0,1,0,0,si
A0133,0,0,1,1,0,si
A0134,0,0,0,1,1,no
A0135,1,1,0,2,1,si
A0136,0,0,1,1,0,si
A0137,0,0,0,0,0,si
A0138,0,0,1,1,0,si
A0139,0,0,2,1,0,si
A0140,0,0,2,0,0,si
A0141,0,0,1,1,0,si
A0142,0,0,1,1,0,si
A0143,0,0,0,1,0,si
A0144,0,0,0,1,0,si
A0145,0,0,0,2,0,si
A0146,0,0,0,0,0,si
A0147,0,0,0,0,0,si
A0148,0,0,1,1,1,si
A0149,1,0,1,0,0,no
A0150,0,0,1,0,1,si
A0151,0,0,1,1,0,si
A0152,0,0,0,0,0,si
A0153,0,0,1,1,1,no
A0154,0,0,1,0,0,si
A0155,1,0,2,0,1,si
A0156,2,0,0,1,0,no
A0157,0,0,3,2,1,si
A0158,0,0,3,1,0,si
A0159,0,1,1,1,0,si
A0160,0,0,1,1,0,si
A0161,0,2,2,0,0,si
A0162,1,0,3,0,0,si
A0163,0,0,2,1,0,si
A0164,1,0,0,0,0,no
A0165,1,0,2,3,0,no
A0166,0,0,1,1,1,si
A0167,1,1,0,0,0,si
A0168,0,0,3,0,0,si
A0169,0,1,0,1,0,si
A0170,1,0,0,1,0,no
A0171,1,0,1,1,0,no
A0172,0,0,0,0,0,si
A0173,0,0,0,0,0,si
A0174,0,0,0,2,0,si
A0175,0,0,1,1,0,no
A0176,0,0,0,0,0,si
A0177,0,0,1,1,0,si
A0178,1,0,0,0,0,si
A0179,1,0,1,2,0,si
A0180,0,0,1,1,0,si
A0181,0,0,0,1,1,si
A0182,0,0,0,1,0,si
A0183,0,1,1,1,0,no
A0184,0,0,0,0,0,si
A0185,3,0,1,0,0,si
A0186,1,0,0,0,0,no
A0187,2,1,0,1,1,no
A0188,0,0,3,1,0,si
A0189,1,2,1,2,0,no
A0190,1,2,2,2,0,no
A0191,0,0,1,1,0,no
A0192,0,0,2,3,1,no
A0193,0,1,3,0,0,si
A0194,0,0,2,1,2,si
A0195,0,0,0,1,1,si
A0196,1,0,0,1,1,si
A0197,0,0,2,0,0,si
A0198,1,1,2,1,0,no
A0199,1,0,1,2,1,si
A0200,0,0,1,0,0,si
A0201,0,0,0,1,0,si
A0202,0,1,1,1,0,no
A0203,0,0,1,1,2,si
A0204,0,0,1,1,1,si
A0205,1,0,1,1,0,si
A0206,0,0,1,0,1,si
A0207,0,0,2,2,0,si
A0208,0,0,2,2,1,si
A0209,0,0,0,1,0,si
A0210,0,1,0,0,0,no
A0211,0,0,1,1,0,si
A0212,0,0,0,1,0,si
A0213,0,1,1,2,1,si
A0214,1,1,1,1,0,no
A0215,1,0,0,0,1,si
A0216,0,0,1,0,0,si
A0217,1,1,1,0,1,no
A0218,0,0,2,0,0,si
A0219,2,0,1,1,0,no
A0220,0,1,3,1,0,si
A0221,1,0,1,2,0,no
A0222,0,0,0,2,0,si
A0223,1,0,1,2,0,no
A0224,0,1,1,0,1,si
A0225,0,0,1,1,1,si
A0226,0,1,0,0,0,si
A0227,0,0,0,0,1,si
A0228,0,0,0,1,0,si
A0229,0,0,0,1,0,si
A0230,0,0,0,0,0,si
A0231,0,0,2,0,0,si
A0232,0,0,2,2,1,si
A0233,1,0,2,1,1,no
A0234,1,0,2,0,0,si
A0235,1,1,0,1,0,no
A0236,1,0,1,1,0,no
A0237,1,0,4,0,0,si
A0238,0,0,0,1,0,si
A0239,0,0,0,0,0,si
A0240,0,1,2,2,0,si
A0241,1,0,1,1,0,no
A0242,2,0,1,1,0,no
A0243,0,1,0,1,1,si
A0244,0,0,1,0,0,si
A0245,1,0,0,0,0,no
A0246,0,1,0,0,0,no
A0247,1,0,0,1,1,si
A0248,0,1,2,1,0,no
A0249,1,1,1,1,0,no
A0250,0,0,0,0,0,si
A0251,2,0,0,1,0,no
A0252,1,0,2,1,0,si
A0253,1,1,0,2,0,no
A0254,0,0,1,0,1,si
A0255,0,0,0,1,0,si
A0256,0,0,1,0,1,no
A0257,0,1,0,1,1,no
A0258,0,0,4,0,0,no
A0259,0,1,0,1,1,no
A0260,0,0,0,0,0,si
A0261,0,0,1,1,0,si
A0262,0,0,1,1,0,si
A0263,0,0,0,2,1,si
A0264,0,0,1,0,0,si
A0265,0,0,0,1,1,si
A0266,0,0,4,0,0,si
A0267,0,0,0,0,0,si
A0268,0,0,1,0,0,si
A0269,0,0,0,0,0,si
A0270,1,1,0,1,0,si
A0271,0,0,0,1,0,si
A0272,1,0,0,1,0,si
A0273,0,1,2,0,0,no
A0274,1,0,0,1,1,si
A0275,0,0,1,2,0,si
A0276,2,0,0,1,0,no
A0277,0,1,2,1,0,no
A0278,0,1,1,2,0,no
A0279,0,0,1,0,0,no
A0280,2,0,2,1,1,no
A0281,0,0,1,2,0,si
A0282,0,0,1,1,0,si
A0283,0,0,0,2,0,si
A0284,1,1,1,0,1,si
A0285,1,0,1,0,0,no
A0286,2,0,0,1,0,no
A0287,0,0,4,3,1,no
A0288,1,0,1,1,0,si
A0289,0,0,1,3,0,si
A0290,0,0,1,1,1,si
A0291,1,0,2,0,0,si
A0292,1,1,0,2,0,no
A0293,1,0,0,0,0,si
A0294,0,0,0,3,0,si
A0295,0,2,3,0,1,no
A0296,0,0,0,0,0,si
A0297,0,0,2,1,0,si
A0298,1,1,1,0,2,no
A0299,0,1,1,1,0,si
A0300,1,0,0,0,0,no
A0301,1,0,0,4,0,si
A0302,1,0,2,0,0,si
A0303,0,2,2,1,1,no
A0304,0,0,0,1,0,si
A0305,1,0,1,0,0,si
A0306,0,1,0,1,0,si
A0307,0,0,1,1,0,si
A0308,0,0,0,0,2,si
A0309,0,0,0,0,0,si
A0310,0,0,0,1,0,si
A0311,1,0,0,1,1,no
A0312,0,0,0,1,0,si
A0313,0,0,0,0,0,si
A0314,1,0,0,0,0,no
A0315,1,0,0,0,0,no
A0316,0,0,2,1,0,si
A0317,0,0,0,0,0,si
A0318,1,1,0,1,0,no
A0319,0,0,4,0,0,si
A0320,0,0,1,0,1,si
A0321,2,0,0,0,0,no
A0322,1,0,0,0,1,no
A0323,0,0,2,0,0,si
A0324,1,0,4,1,0,si
A0325,0,3,3,0,0,no
A0326,0,0,2,0,0,si
A0327,0,0,1,1,0,si
A0328,0,0,1,0,0,si
A0329,1,0,0,0,0,si
A0330,1,0,0,1,0,no
A0331,1,0,2,1,0,si
A0332,0,1,0,0,1,si
A0333,1,1,1,0,0,no
A0334,0,0,3,1,1,si
A0335,0,0,0,0,0,si
A0336,0,0,1,2,0,si
A0337,1,0,0,1,0,si
A0338,2,0,1,0,0,no
A0339,0,0,1,1,1,si
A0340,0,1,1,2,1,si
A0341,1,1,1,2,0,no
A0342,0,0,0,2,0,si
A0343,1,0,2,1,0,si
A0344,1,0,0,1,1,si
A0345,0,0,2,0,2,si
A0346,1,1,0,3,0,no
A0347,1,1,0,1,0,no
A0348,1,0,0,1,0,no
A0349,1,0,2,1,0,no
A0350,0,0,0,0,0,si
A0351,0,0,1,2,0,si
A0352,1,1,0,1,0,no
A0353,0,0,0,0,3,si
A0354,0,0,0,1,1,si
A0355,0,0,2,2,0,si
A0356,1,0,3,0,3,si
A0357,0,0,1,0,0,no
A0358,1,1,1,0,0,no
A0359,0,0,1,4,0,si
A0360,0,1,0,0,1,si
A0361,0,0,1,1,1,si
A0362,0,1,2,0,1,no
A0363,0,0,1,1,0,no
A0364,0,0,0,2,0,si
A0365,0,0,1,2,2,si
A0366,1,1,0,0,1,no
A0367,0,0,0,2,1,si
A0368,1,0,0,0,0,si
A0369,1,0,0,1,0,si
A0370,1,1,0,0,0,no
A0371,0,0,0,2,0,si
A0372,1,0,0,0,0,no
A0373,0,0,0,0,0,si
A0374,0,1,0,0,1,si
A0375,0,1,1,1,0,si
A0376,1,0,0,0,0,no
A0377,0,0,0,1,0,si
A0378,0,0,0,1,1,si
A0379,1,0,1,1,0,si
A0380,1,1,1,0,0,no
A0381,1,1,2,0,1,no
A0382,1,0,1,0,0,si
A0383,0,0,0,0,0,si
A0384,0,0,1,1,1,si
A0385,1,0,3,2,0,no
A0386,1,0,2,2,0,no
A0387,1,0,1,3,0,no
A0388,0,0,0,1,0,si
A0389,0,0,1,0,0,si
A0390,0,0,0,0,0,si
A0391,0,0,1,2,0,si
A0392,0,0,1,0,0,si
A0393,0,0,1,0,0,si
A0394,0,0,0,0,1,no
A0395,0,0,0,1,0,si
A0396,0,2,0,1,1,no
A0397,0,0,0,0,0,si
A0398,0,1,1,1,0,no
A0399,1,1,0,0,0,no
A0400,0,0,0,1,0,si
A0401,0,0,0,0,0,si
A0402,0,0,0,0,0,si
A0403,3,0,0,2,0,si
A0404,0,0,2,0,0,si
A0405,3,0,1,1,0,no
A0406,0,0,1,0,1,si
A0407,0,0,3,1,0,si
A0408,0,0,2,3,0,si
A0409,0,0,1,0,2,si
A0410,1,1,2,0,0,si
A0411,1,0,2,0,0,si
A0412,0,1,1,0,1,no
A0413,0,0,0,0,1,si
A0414,0,0,0,0,1,si
A0415,0,0,0,1,0,si
A0416,0,0,0,0,0,si
A0417,0,0,2,0,0,si
A0418,0,0,0,1,1,si
A0419,0,0,0,1,0,si
A0420,0,0,2,0,1,si
A0421,1,0,1,1,0,no
A0422,1,0,0,2,0,si
A0423,0,0,1,1,0,si
A0424,0,0,1,1,1,si
A0425,0,0,0,0,1,si
A0426,0,1,0,0,0,no
A0427,0,1,1,0,1,si
A0428,2,0,0,0,0,si
A0429,0,0,1,1,1,si
A0430,1,1,0,1,0,no
A0431,1,0,0,4,0,no
A0432,0,1,0,2,0,no
A0433,0,0,1,1,2,si
A0434,0,0,0,0,0,si
A0435,1,0,0,0,0,si
A0436,0,0,1,1,0,si
A0437,0,0,2,1,0,si
A0438,0,0,1,0,1,si
A0439,0,0,0,1,2,si
A0440,1,0,0,0,0,no
A0441,0,0,1,0,0,si
A0442,1,0,1,3,1,si
A0443,1,0,0,2,0,si
A0444,0,0,1,1,0,no
A0445,0,0,1,1,1,si
A0446,0,0,0,0,2,si
A0447,1,0,2,1,0,no
A0448,0,0,1,0,0,si
A0449,2,0,2,0,0,no
A0450,0,2,3,0,2,si
A0451,1,0,1,1,0,no
A0452,0,0,0,0,1,si
A0453,0,0,0,1,0,si
A0454,0,0,2,0,0,si
A0455,0,1,0,0,0,si
A0456,0,0,3,0,0,si
A0457,0,0,1,1,0,si
A0458,0,0,3,1,0,si
A0459,0,0,1,1,0,si
A0460,0,0,1,1,2,si
A0461,0,0,0,1,1,si
A0462,1,2,2,2,0,no
A0463,0,0,1,0,1,si
A0464,0,0,1,1,1,si
A0465,0,0,0,0,1,si
A0466,0,0,1,0,0,si
A0467,1,0,0,0,0,si
A0468,0,0,0,1,0,si
A0469,0,0,1,0,0,si
A0470,0,0,2,1,0,si
A0471,1,0,0,2,1,si
A0472,0,0,1,1,1,si
A0473,0,0,1,1,0,si
A0474,0,0,1,2,0,si
A0475,0,0,2,0,0,si
A0476,0,0,1,1,0,si
A0477,1,0,2,1,0,si
A0478,0,0,2,2,1,si
A0479,0,0,0,2,1,si
A0480,0,0,0,0,0,si
A0481,2,0,0,0,0,no
A0482,2,0,1,1,0,no
A0483,0,1,0,1,0,no
A0484,0,0,2,2,0,no
A0485,0,1,1,0,2,si
A0486,2,0,0,0,0,si
A0487,0,0,0,0,1,si
A0488,1,0,1,0,0,no
A0489,0,1,1,1,0,no
A0490,0,0,1,0,0,si
A0491,1,1,1,0,1,no
A0492,0,0,0,2,1,si
A0493,1,1,1,2,0,no
A0494,1,0,2,1,1,no
A0495,0,0,4,1,0,si
A0496,0,0,3,3,0,si
A0497,0,0,1,1,0,si
A0498,2,0,2,3,0,no
A0499,2,0,0,0,0,no
A0500,1,1,0,0,0,no
A0501,0,0,0,0,0,si
A0502,2,0,0,2,0,no
A0503,0,0,3,0,0,si
A0504,0,2,1,0,1,no
A0505,0,0,3,1,0,si
A0506,1,0,0,2,0,si
A0507,0,0,1,0,0,si
A0508,0,0,0,0,0,si
A0509,2,0,1,0,0,si
A0510,1,0,1,1,0,si
A0511,0,0,1,0,1,si
A0512,2,1,0,2,1,no
A0513,0,1,1,0,0,no
A0514,1,0,0,0,1,si
A0515,0,0,0,1,0,si
A0516,0,0,1,2,0,si
A0517,0,0,2,0,0,si
A0518,0,0,1,0,0,si
A0519,0,0,0,3,0,si
A0520,1,2,0,2,0,no
A0521,1,1,0,2,1,no
A0522,2,1,2,0,0,no
A0523,0,1,2,2,0,no
A0524,1,0,1,0,0,si
A0525,0,0,1,1,0,si
A0526,0,0,0,0,2,si
A0527,0,0,0,0,0,si
A0528,0,0,0,0,1,si
A0529,1,0,0,2,0,si
A0530,0,0,0,0,0,si
A0531,1,0,0,0,0,no
A0532,0,1,0,0,0,no
A0533,0,0,2,0,1,si
A0534,0,1,1,0,0,no
A0535,2,0,1,2,0,no
A0536,1,0,0,0,0,si
A0537,0,0,1,1,0,si
A0538,0,0,1,0,2,si
A0539,0,0,0,0,0,si
A0540,0,0,0,0,0,si
A0541,0,1,0,2,1,no
A0542,1,0,0,2,1,si
A0543,1,0,1,0,1,si
A0544,1,0,1,0,2,no
A0545,0,0,0,1,0,si
A0546,0,0,1,0,1,si
A0547,1,0,0,2,0,no
A0548,0,0,1,0,0,si
A0549,0,0,2,0,0,si
A0550,0,1,2,4,0,no
A0551,0,0,1,0,0,si
A0552,1,0,3,0,0,no
A0553,0,0,1,0,0,si
A0554,0,0,1,0,0,si
A0555,0,1,2,1,0,no
A0556,0,1,1,0,1,si
A0557,0,0,1,0,0,si
A0558,0,0,1,0,0,si
A0559,1,0,1,2,0,si
A0560,0,0,1,2,0,si
A0561,0,0,0,1,0,si
A0562,0,0,2,0,0,si
A0563,0,0,1,0,0,si
A0564,0,0,0,0,0,si
A0565,0,0,2,1,1,si
A0566,0,0,0,1,0,si
A0567,0,0,1,1,0,si
A0568,0,0,2,3,0,si
A0569,0,0,0,0,0,si
A0570,1,1,2,0,0,no
A0571,1,0,3,0,0,si
A0572,0,0,0,0,1,si
A0573,1,0,1,0,0,no
A0574,0,0,0,1,0,si
A0575,0,0,1,0,1,si
A0576,1,1,0,1,1,no
A0577,0,0,0,1,0,si
A0578,1,0,2,0,0,si
A0579,2,1,0,0,1,no
A0580,0,1,1,0,0,si
A0581,0,0,2,0,0,si
A0582,0,0,3,1,0,si
A0583,0,0,2,0,0,si
A0584,0,0,1,1,0,si
A0585,0,0,2,0,3,no
A0586,0,0,0,0,0,si
A0587,1,0,0,0,0,si
A0588,1,1,0,0,1,no
A0589,1,0,0,0,0,si
A0590,1,0,1,0,0,no
A0591,0,0,2,1,0,si
A0592,1,0,1,1,1,si
A0593,0,1,2,1,1,no
A0594,0,0,1,1,1,no
A0595,0,1,2,1,0,no
A0596,2,1,0,1,0,no
A0597,0,0,1,0,0,si
A0598,1,0,0,1,0,si
A0599,0,0,1,0,1,si
A0600,0,0,1,0,1,si
A0601,1,0,2,1,1,si
A0602,0,0,0,1,0,si
A0603,0,0,0,0,0,si
A0604,0,0,2,3,0,si
A0605,1,0,3,0,3,si
A0606,1,0,1,1,1,no
A0607,0,0,0,3,0,si
A0608,2,0,0,4,0,no
A0609,0,0,1,3,0,si
A0610,0,0,3,1,1,si
A0611,1,0,0,0,0,si
A0612,2,0,1,0,0,no
A0613,1,0,0,1,1,no
A0614,0,0,0,1,2,si
A0615,1,0,2,3,1,no
A0616,0,0,1,0,0,no
A0617,0,0,2,0,1,si
A0618,0,0,0,4,0,si
A0619,2,0,1,0,0,no
A0620,0,0,2,1,0,si
A0621,2,0,2,0,0,no
A0622,0,1,0,0,0,no
A0623,0,0,0,1,0,si
A0624,0,0,0,0,0,si
A0625,0,0,0,1,0,si
A0626,0,0,1,1,0,si
A0627,0,0,1,2,0,si
A0628,0,0,1,1,0,si
A0629,0,0,1,1,0,si
A0630,1,0,0,0,1,si
A0631,0,0,0,2,1,si
A0632,2,1,1,0,0,si
A0633,0,2,1,0,0,si
A0634,1,0,4,1,0,no
A0635,0,0,0,1,1,si
A0636,0,0,1,2,0,si
A0637,2,0,0,1,0,si
A0638,1,1,2,0,0,no
A0639,0,1,1,0,2,no
A0640,1,0,2,0,0,si
A0641,1,0,1,0,0,si
A0642,1,0,1,1,0,si
A0643,0,0,2,1,0,si
A0644,0,0,0,1,0,si
A0645,0,0,1,0,1,si
A0646,1,0,0,1,0,si
A0647,0,0,0,0,0,si
A0648,0,0,2,0,0,si
A0649,1,1,0,0,0,si
A0650,1,1,1,1,0,no
A0651,1,0,2,0,0,si
A0652,0,0,0,1,0,si
A0653,0,0,0,1,2,si
A0654,0,0,0,0,1,no
A0655,0,1,0,1,1,no
A0656,0,0,2,1,3,si
A0657,1,0,1,1,0,si
A0658,1,1,1,1,0,no
A0659,2,0,0,2,0,no
A0660,0,0,0,0,0,si
A0661,1,0,0,1,0,si
A0662,0,0,1,1,0,si
A0663,0,0,2,3,1,si
A0664,0,0,2,0,0,si
A0665,1,1,0,0,0,no
A0666,0,0,2,1,0,si
A0667,0,0,0,0,0,si
A0668,1,0,1,0,1,si
A0669,0,0,0,0,0,si
A0670,0,0,1,4,0,si
A0671,0,0,1,0,0,si
A0672,1,0,1,0,0,si
A0673,0,0,0,0,1,si
A0674,0,1,1,1,0,si
A0675,0,0,7,0,1,si
A0676,0,0,0,0,0,si
A0677,2,0,1,0,0,no
A0678,3,0,1,1,0,no
A0679,0,0,2,0,0,si
A0680,2,0,0,3,1,si
A0681,0,0,1,2,0,si
A0682,0,0,0,0,0,si
A0683,0,0,0,1,0,si
A0684,0,0,1,0,0,si
A0685,0,2,1,0,0,si
A0686,1,0,0,2,0,si
A0687,0,1,1,0,0,si
A0688,0,0,0,0,0,si
A0689,0,0,1,1,0,si
A0690,2,1,0,1,0,no
A0691,1,1,0,1,0,no
A0692,1,1,0,1,0,si
A0693,0,1,0,0,1,si
A0694,0,0,3,0,0,si
A0695,2,1,2,0,1,no
A0696,1,0,0,1,0,no
A0697,0,0,3,1,0,si
A0698,0,0,1,0,0,si
A0699,0,0,0,1,0,si
A0700,1,1,1,0,1,no
A0701,0,0,2,1,0,si
A0702,0,0,1,0,0,si
A0703,0,1,1,0,1,si
A0704,1,0,0,0,0,si
A0705,3,0,2,1,0,no
A0706,0,1,3,0,0,no
A0707,1,0,2,1,0,no
A0708,0,0,1,0,0,si
A0709,0,0,2,0,0,si
A0710,1,0,0,1,0,no
A0711,0,0,0,1,0,si
A0712,0,0,0,1,0,si
A0713,1,0,3,3,0,no
A0714,1,0,0,0,0,no
A0715,1,0,0,1,0,no
A0716,2,0,1,0,0,no
A0717,0,0,0,0,0,si
A0718,0,0,2,1,0,no
A0719,0,0,0,1,0,no
A0720,1,0,2,1,0,no
A0721,2,0,2,0,0,si
A0722,0,0,1,0,0,si
A0723,0,0,0,0,0,si
A0724,1,1,0,0,0,no
A0725,0,0,2,1,0,si
A0726,0,0,0,1,0,si
A0727,0,0,1,2,0,si
A0728,0,1,1,0,1,no
A0729,1,0,2,0,0,no
A0730,0,0,2,1,0,si
A0731,1,0,2,2,1,si
A0732,1,1,0,1,0,no
A0733,0,0,1,0,0,si
A0734,0,0,1,0,0,si
A0735,0,0,1,2,1,no
A0736,1,0,0,1,1,no
A0737,0,0,0,1,1,si
A0738,1,0,0,0,0,no
A0739,0,0,0,1,0,si
A0740,0,1,1,1,0,no
A0741,1,0,1,0,0,no
A0742,0,0,2,0,0,si
A0743,0,0,1,1,0,si
A0744,1,0,3,0,0,si
A0745,0,0,2,1,0,si
A0746,0,0,2,1,0,si
A0747,0,1,2,1,0,no
A0748,0,0,1,0,0,si
A0749,1,0,0,0,0,no
A0750,0,0,1,0,0,si
A0751,0,0,0,0,0,si
A0752,0,0,2,2,1,si
A0753,0,0,1,0,0,si
A0754,0,0,1,1,1,si
A0755,0,0,3,0,0,si
A0756,0,0,0,1,0,si
A0757,1,0,1,0,0,si
A0758,2,0,0,2,0,si
A0759,0,0,1,0,0,si
A0760,0,0,2,0,0,si
A0761,0,0,1,0,0,si
A0762,0,0,1,0,0,si
A0763,1,0,0,1,0,si
A0764,0,0,1,1,0,si
A0765,1,0,0,0,1,si
A0766,1,0,0,3,0,no
A0767,0,1,1,2,0,si
A0768,0,0,0,0,0,si
A0769,0,0,1,0,1,si
A0770,1,0,0,1,0,no
A0771,0,2,3,1,2,no
A0772,1,1,1,0,0,no
A0773,1,1,0,0,0,no
A0774,0,0,1,1,0,si
A0775,1,0,0,1,0,si
A0776,1,0,1,1,0,no
A0777,0,0,2,0,0,si
A0778,0,1,1,1,0,si
A0779,0,0,1,1,0,si
A0780,0,0,0,0,1,si
A0781,0,0,1,3,0,si
A0782,1,0,2,1,1,no
A0783,1,1,1,1,0,no
A0784,0,1,2,1,0,si
A0785,0,0,0,2,0,si
A0786,0,0,0,1,2,si
A0787,0,0,1,1,0,si
A0788,1,0,3,1,0,si
A0789,0,0,0,3,0,si
A0790,0,0,1,0,0,si
A0791,0,1,0,3,0,si
A0792,0,0,1,0,0,si
A0793,0,0,1,1,0,si
A0794,1,1,0,1,0,no
A0795,1,0,2,1,1,si
A0796,0,0,2,2,0,si
A0797,0,0,3,0,0,si
A0798,0,0,2,0,0,si
A0799,0,0,1,1,0,si
A0800,0,0,1,0,0,si
A0801,1,0,1,0,0,no
A0802,1,0,0,2,0,no
A0803,0,0,0,2,0,si
A0804,0,0,3,0,0,si
A0805,0,1,3,0,1,no
A0806,0,0,1,0,0,si
A0807,3,0,0,0,1,no
A0808,0,0,2,0,0,si
A0809,0,0,2,0,1,si
A0810,2,0,2,0,0,no
A0811,0,0,0,1,2,si
A0812,0,0,1,0,0,si
A0813,0,0,0,0,1,si
A0814,0,2,1,2,0,no
A0815,0,1,1,1,1,si
A0816,0,0,1,1,0,si
A0817,1,0,1,1,0,no
A0818,0,1,1,0,0,no
A0819,0,0,2,2,0,si
A0820,0,1,1,0,0,no
A0821,0,1,0,0,0,no
A0822,1,0,1,0,0,no
A0823,1,0,1,0,0,no
A0824,1,0,1,2,0,no
A0825,0,0,1,0,0,si
A0826,1,0,0,1,0,si
A0827,1,0,0,0,0,si
A0828,0,0,1,0,1,si
A0829,1,0,1,0,0,si
A0830,0,0,0,0,1,si
A0831,1,0,1,2,2,no
A0832,1,0,2,1,2,no
A0833,1,0,0,0,1,no
A0834,0,1,1,2,0,si
A0835,2,1,0,1,2,no
A0836,0,0,2,0,1,si
A0837,1,0,0,0,0,no
A0838,1,0,0,0,0,no
A0839,0,0,0,0,0,si
A0840,0,0,0,2,1,si
A0841,0,0,2,0,0,si
A0842,1,1,0,0,0,si
A0843,0,1,1,1,0,no
A0844,2,1,0,2,0,no
A0845,0,0,0,2,0,si
A0846,0,0,0,2,1,si
A0847,1,0,2,0,0,si
A0848,0,0,1,2,0,si
A0849,0,0,0,1,0,si
A0850,1,0,1,4,0,si
A0851,0,0,3,0,2,si
A0852,0,0,1,0,0,si
A0853,0,0,2,2,1,si
A0854,0,0,0,1,2,si
A0855,2,0,0,0,0,no
A0856,3,0,1,1,0,no
A0857,0,0,4,0,0,si
A0858,1,0,1,0,0,si
A0859,0,0,0,1,0,si
A0860,0,0,1,0,0,si
A0861,2,0,3,0,1,no
A0862,1,0,0,0,0,no
A0863,0,0,0,0,0,si
A0864,0,1,2,0,0,no
A0865,0,0,1,2,0,si
A0866,0,0,0,1,0,si
A0867,1,0,1,0,0,no
A0868,0,0,1,0,0,si
A0869,0,0,0,0,0,si
A0870,0,0,0,0,0,si
A0871,0,1,0,0,0,si
A0872,0,0,1,1,0,si
A0873,0,0,0,1,0,si
A0874,0,0,2,1,0,no
A0875,0,0,3,2,0,no
A0876,0,0,2,0,0,si
A0877,0,1,1,0,0,no
A0878,0,0,0,1,1,si
A0879,0,0,0,0,0,si
A0880,1,0,0,0,0,si
A0881,1,0,2,0,0,no
A0882,1,0,0,1,0,no
A0883,1,0,2,2,0,si
A0884,0,0,0,2,1,si
A0885,0,0,2,1,0,si
A0886,0,0,0,1,0,si
A0887,0,1,1,3,0,no
A0888,1,0,2,2,0,no
A0889,0,0,1,2,0,si
A0890,0,1,0,2,0,no
A0891,1,0,0,2,0,no
A0892,0,0,1,2,0,si
A0893,0,0,0,2,1,si
A0894,0,0,0,0,0,si
A0895,0,0,1,0,1,si
A0896,0,0,1,0,0,si
A0897,0,0,0,1,0,si
A0898,0,0,0,1,0,si
A0899,0,0,1,1,0,si
A0900,2,0,1,1,0,no
A0901,0,0,1,2,0,si
A0902,1,0,0,0,0,no
A0903,0,0,1,0,0,si
A0904,0,0,1,3,0,si
A0905,0,0,1,0,0,si
A0906,0,0,1,0,0,si
A0907,1,0,0,0,2,no
A0908,0,1,0,0,3,no
A0909,0,0,1,1,0,si
A0910,1,1,0,1,0,si
A0911,0,0,0,3,1,si
A0912,1,0,0,1,0,no
A0913,1,1,1,0,0,no
A0914,1,0,0,0,0,si
A0915,0,0,1,0,0,si
A0916,1,0,3,0,0,no
A0917,2,0,0,0,0,no
A0918,1,0,0,1,0,si
A0919,1,1,2,0,0,no
A0920,0,0,2,2,2,si
A0921,0,1,0,2,0,no
A0922,0,0,1,1,1,si
A0923,0,0,3,1,0,si
A0924,1,0,1,0,0,no
A0925,0,0,0,0,0,si
A0926,1,0,1,0,0,no
A0927,0,0,2,0,0,si
A0928,0,1,2,0,1,si
A0929,0,0,3,0,0,si
A0930,1,0,2,0,0,no
A0931,1,0,1,1,0,si
A0932,0,1,0,1,0,si
A0933,0,0,2,0,0,no
A0934,0,1,0,1,0,si
A0935,1,0,1,0,0,si
A0936,1,1,1,0,0,si
A0937,0,0,0,2,0,si
A0938,0,0,0,0,0,si
A0939,2,0,2,0,0,no
A0940,1,0,0,0,1,si
A0941,2,0,1,1,0,si
A0942,0,0,3,1,0,si
A0943,1,0,1,0,1,si
A0944,1,0,0,2,1,si
A0945,0,0,1,0,1,si
A0946,0,1,0,1,0,si
A0947,1,0,4,0,0,si
A0948,0,1,1,2,0,no
A0949,0,0,2,0,0,si
A0950,1,0,1,0,0,no
A0951,0,0,0,1,0,si
A0952,0,0,1,1,0,si
A0953,0,0,1,0,0,si
A0954,1,0,2,1,0,si
A0955,0,0,2,0,0,si
A0956,0,1,0,0,0,no
A0957,0,0,0,1,2,si
A0958,0,0,1,1,1,si
A0959,0,0,2,1,1,si
A0960,1,0,3,0,0,si
A0961,0,2,0,1,1,no
A0962,0,0,0,2,0,no
A0963,0,0,0,1,2,si
A0964,0,0,1,2,0,si
A0965,0,0,1,0,0,si
A0966,0,0,1,0,0,si
A0967,1,0,1,0,0,si
A0968,0,0,2,0,0,si
A0969,0,0,1,0,0,si
A0970,0,0,0,0,0,si
A0971,0,0,2,1,1,si
A0972,0,1,2,2,0,no
A0973,1,0,1,0,0,si
A0974,1,0,0,1,1,no
A0975,0,0,2,1,0,si
A0976,0,1,0,0,0,no
A0977,2,0,0,0,0,si
A0978,0,0,1,0,1,si
A0979,0,0,1,4,0,si
A0980,0,1,0,0,0,no
A0981,2,0,0,0,0,si
A0982,0,0,0,0,0,si
A0983,0,0,0,1,0,si
A0984,1,0,2,1,0,no
A0985,0,0,1,0,0,si
A0986,0,0,1,1,0,si
A0987,1,1,1,0,1,no
A0988,0,0,1,0,0,si
A0989,1,0,2,0,1,no
A0990,0,1,1,1,0,no
A0991,0,0,0,0,0,si
A0992,1,0,1,1,1,si
A0993,0,0,1,1,1,si
A0994,0,0,1,0,1,si
A0995,0,0,1,1,0,si
A0996,0,0,0,2,0,si
A0997,2,0,1,0,0,no
A0998,2,0,0,1,0,si
A0999,3,0,2,0,0,no
A1000,0,0,1,1,0,si
